image_name,crack_1,crack_2,crack_3
00001.JPG,cracked,none,none
00002.JPG,cracked,none,none
00003.JPG,cracked,cracked,cracked
00004.JPG,cracked,cracked,none
00005.JPG,cracked,cracked,none
00006.JPG,none,none,cracked
00007.JPG,none,cracked,cracked
00008.JPG,cracked,cracked,none
00009.JPG,cracked,cracked,cracked
00010.JPG,cracked,cracked,none
00011.JPG,cracked,cracked,none
00012.JPG,none,cracked,cracked
00013.JPG,cracked,cracked,none
00014.JPG,cracked,cracked,cracked
00015.JPG,cracked,cracked,cracked
00016.JPG,cracked,cracked,cracked
00017.JPG,none,none,none
00018.JPG,none,none,none
00019.JPG,cracked,none,none
00020.JPG,none,none,cracked
00021.JPG,none,cracked,none
00022.JPG,cracked,none,none
00023.JPG,cracked,none,none
00024.JPG,cracked,cracked,cracked
00025.JPG,cracked,cracked,cracked
00026.JPG,cracked,none,cracked
00027.JPG,cracked,cracked,cracked
00028.JPG,none,cracked,cracked
00029.JPG,none,none,cracked
00030.JPG,cracked,cracked,cracked
00031.JPG,none,none,cracked
00032.JPG,none,cracked,cracked
00033.JPG,cracked,none,none
00034.JPG,cracked,none,none
00035.JPG,cracked,cracked,cracked
00036.JPG,none,none,cracked
00037.JPG,cracked,cracked,none
00038.JPG,cracked,cracked,cracked
00039.JPG,none,cracked,cracked
00040.JPG,cracked,none,none
00041.JPG,cracked,none,cracked
00042.JPG,cracked,cracked,cracked
00043.JPG,none,cracked,cracked
00044.JPG,cracked,cracked,cracked
00045.JPG,none,none,cracked
00046.JPG,none,none,cracked
00047.JPG,none,none,cracked
00048.JPG,none,cracked,cracked
00049.JPG,none,cracked,cracked
00050.JPG,none,cracked,none
00051.JPG,cracked,none,none
00052.JPG,none,none,cracked
00053.JPG,cracked,cracked,cracked
00054.JPG,none,none,cracked
00055.JPG,cracked,cracked,cracked
00056.JPG,none,none,cracked
00057.JPG,cracked,cracked,cracked
00058.JPG,none,cracked,cracked
00059.JPG,none,cracked,cracked
00060.JPG,cracked,cracked,cracked
00061.JPG,cracked,cracked,none
00062.JPG,cracked,cracked,none
00063.JPG,cracked,cracked,cracked
00064.JPG,cracked,cracked,cracked
00065.JPG,cracked,cracked,cracked
00066.JPG,cracked,cracked,cracked
00067.JPG,none,cracked,cracked
00068.JPG,cracked,cracked,cracked
00069.JPG,cracked,cracked,cracked
00070.JPG,cracked,cracked,cracked
00071.JPG,cracked,cracked,cracked
00072.JPG,cracked,cracked,cracked
00073.JPG,cracked,cracked,cracked
00074.JPG,cracked,none,none
00075.JPG,none,cracked,cracked
00076.JPG,cracked,cracked,none
00077.JPG,cracked,none,none
00078.JPG,none,none,cracked
00079.JPG,cracked,cracked,cracked
00080.JPG,cracked,cracked,cracked
00081.JPG,cracked,cracked,cracked
00082.JPG,none,cracked,cracked
00083.JPG,cracked,cracked,none
00084.JPG,cracked,cracked,cracked
00085.JPG,cracked,none,none
00086.JPG,none,none,none
00087.JPG,none,cracked,cracked
00088.JPG,none,cracked,cracked
00089.JPG,cracked,cracked,cracked
00090.JPG,cracked,cracked,cracked
00091.JPG,cracked,cracked,cracked
00092.JPG,cracked,cracked,cracked
00093.JPG,cracked,none,none
00094.JPG,cracked,cracked,none
00095.JPG,none,cracked,cracked
00096.JPG,cracked,none,none
00097.JPG,cracked,cracked,none
00098.JPG,cracked,cracked,cracked
00099.JPG,cracked,cracked,cracked
00100.JPG,cracked,none,cracked
00101.JPG,none,none,cracked
00102.JPG,none,none,none
00103.JPG,cracked,none,none
00104.JPG,cracked,cracked,none
00105.JPG,none,none,cracked
00106.JPG,none,cracked,none
00107.JPG,none,none,none
00108.JPG,none,none,none
00109.JPG,none,none,none
00110.JPG,cracked,cracked,none
00111.JPG,cracked,none,none
00112.JPG,cracked,cracked,cracked
00113.JPG,none,none,none
00114.JPG,none,none,cracked
00115.JPG,cracked,cracked,none
00116.JPG,cracked,cracked,none
00117.JPG,none,none,cracked
00118.JPG,cracked,cracked,cracked
00119.JPG,cracked,none,none
00120.JPG,cracked,cracked,none